Key,en,uk,reviewed
MainMenu.TabHeaderLable.Editor,Editor,редактор,False
MainMenu.Editor.CharacterPopup.DeleteCharacterPrompt,"Are you sure you want to delete character ""{0}""? This action cannot be undone.","Ви впевнені, що бажаєте видалити символ ""{0}""? Цю дію не можна скасувати.",False
MainMenu.Editor.CharacterPopup.OverwriteCharacterPrompt,"Character ""{0}"" already exist. Are you sure you want to overwrite character ""{0}""? This action cannot be undone.","Символ ""{0}"" уже існує. Ви впевнені, що бажаєте перезаписати символ ""{0}""? Цю дію не можна скасувати.",False
MainMenu.Confirm,Confirm,Підтвердити,False
MainMenu.Cancel,Cancel,Скасувати,False
MainMenu.Editor.CharacterPopup.SaveCharacterPrompt,Please enter a character name:,"Будь ласка, введіть ім'я персонажа:",False
MainMenu.Editor.Model,Models,Моделі,False
MainMenu.Editor.Character,Character,персонаж,False
MainMenu.Editor.Animation,Animation,Анімація,False
MainMenu.Editor.PartsSelection,Choose Parts,Виберіть частини,False
MainMenu.Editor.PartsAdjustment,Adjustment,коригування,False
MainMenu.Search,Search...,пошук...,False
MainMenu.Editor.SaveCharacter,Save Character,Зберегти символ,False
MainMenu.Editor.Unload,Clear Character,Чіткий характер,False
MainMenu.Editor.DeleteCharacter,Delete Character,Видалити символ,False
MainMenu.Editor.UseCustomTextures,Use Custom Textures,Використовуйте спеціальні текстури,False
MainMenu.Editor.ReloadTextures,Reload Textures,Перезавантажити текстури,False
MainMenu.Editor.OpenCustomTextureFolder,Open Custom Texture Folder,Відкрийте папку Custom Texture,False
MainMenu.Editor.Color,Color,Колір,False
MainMenu.Editor.TintColor,TintColor,TintColor,False
MainMenu.Editor.TintBlackColor,TintBlackColor,TintBlackColor,False
MainMenu.Editor.LICENSE,LICENSE,ЛІЦЕНЗІЯ,False
MainMenu.Editor.AssetTypeAA,Built-in,Активи за замовчуванням,False
MainMenu.Editor.AssetTypeSA,Third-Party,Активи третіх сторін,False
MainMenu.Editor.UnloadCurrentModel,Unload Current Model,Вивантажити поточну модель,False
MainMenu.Settings.GeneralSettings,General Settings,Загальні налаштування,False
MainMenu.Settings.GeneralSettings.Language,Language,Мова,False
MainMenu.Settings.ViewportSettings,Viewport Settings,Налаштування вікна перегляду,False
MainMenu.Settings.ViewportSettings.ViewportZoomSpeed,Zoom Speed,Швидкість масштабування,False
MainMenu.Settings.ViewportSettings.ViewportRotationSpeed,Rotation Speed,Швидкість обертання,False
MainMenu.Settings.ViewportSettings.ModelScale,Model Scale,Масштаб моделі,False
MainMenu.Settings.ViewportSettings.ModelOffsetHorizontal,Offset Horizontal,Зміщення по горизонталі,False
MainMenu.Settings.ViewportSettings.ModelOffsetVertical,Offset Vertical,Зміщення по вертикалі,False
MainMenu.Settings.ViewportSettings.ResetViewportSettings,Reset Viewport Settings,Скинути налаштування вікна перегляду,False
MainMenu.Settings.ExportSettings,Animation Export Settings,Параметри експорту анімації,False
MainMenu.Settings.ExportSettings.SaveLocation,Save Location,Зберегти місцезнаходження,False
MainMenu.Settings.ExportSettings.ExportPresets,Export Presets,Експорт пресетів,False
MainMenu.Settings.ExportSettings.Encoder,Encoder,Кодувальник,False
MainMenu.Settings.ExportSettings.Width,Width,Ширина,False
MainMenu.Settings.ExportSettings.Height,Height,Висота,False
MainMenu.Settings.ExportSettings.FPS,FPS,FPS,False
MainMenu.Settings.ExportSettings.LimitMaxFrameCount,Limit Max. Frame Count,Обмеження Макс. Кількість кадрів,False
MainMenu.Settings.ExportSettings.MaxFrameCount,Max. Frame Count,Макс. Кількість кадрів,False
MainMenu.Settings.ExportSettings.AlphaThreshold,Alpha Threshold,Альфа-поріг,False
MainMenu.Settings.ExportSettings.EnableDithering,Enable Dithering,Увімкнути дизерінг,False
MainMenu.Settings.ExportSettings.ResetExportSettings,Reset Export Settings,Скинути налаштування експорту,False
MainMenu.Editor.Export,Export Emote,Експорт Emote,False
LicensePopup.ThirdPartyLicense.Notice,License provided by the model creator. Displayed for reference only and does not represent the EmoteLab developer’s views or legal position. ,Ліцензія надана розробником моделі. Відображається лише для довідки та не відображає поглядів або правової позиції розробника EmoteLab.,False
LicensePopup.ThirdPartyLicense.NotFound,"The creator of this third-party model has not provided a license or usage terms with the model. Before using this model in public, commercial, or professional contexts, you should confirm the permitted scope of use directly with the model's creator.","Творець цієї сторонньої моделі не надав ліцензію чи умови використання разом із моделлю. Перш ніж використовувати цю модель у публічному, комерційному чи професійному контексті, ви повинні підтвердити дозволену сферу використання безпосередньо у творця моделі.",False
LicensePopup.Close,Close,Закрити,False
MainMenu.Editor.OpenExportFolder,Open Export Folder,Відкрийте папку експорту,False
MainMenu.Settings.ModelSettings.LoadSampleCharacters,Load Sample Characters for Built-in Models,Завантажте зразки символів для вбудованих моделей,False
MainMenu.Settings.ModelSettings,Model Settings,Параметри моделі,False
MainMenu.Editor.CharacterPopup.SavingCharacter,Saving Character Data...,Збереження даних символів...,False
MainMenu.Editor.CharacterPopup.LoadingCharacter,Loading Character...,Завантаження символу...,False
MainMenu.Info.ThirdPartyLicense,Third Party Licenses,Ліцензії третіх осіб,False
MainMenu.Info.EmoteLabEULA,End User License Agreement (EULA),Ліцензійна угода кінцевого користувача (EULA),False
MainMenu.Info.Documentation,Documentation,Документація,False
MainMenu.Info.Discord,Join Our Discord,Приєднуйтесь до нашого Discord,False
MainMenu.Settings.ExportSettings.PresetsInfo,"This preset sets the correct format and dimensions. Very long animations may exceed platform file size limits, and some platforms restrict certain content.","Цей стиль встановлює правильний формат і розміри. Дуже довгі анімації можуть перевищувати обмеження розміру файлу платформи, а деякі платформи обмежують певний вміст.",False
MainMenu.Settings.ModelSettings.OpenLocalModelFolder,Open Local Model Folder,Відкрийте локальну папку моделі,False
MainMenu.Settings.ModelSettings.OpenCharacterFolder,Open Character Folder,Відкрийте папку Character,False
MainMenu.Info.Log,Open Log Folder,Відкрити папку журналу,False
MainMenu.Settings.ExportSettings.UsingGlobalColorTable,Using Global Color Table,Використання глобальної таблиці кольорів,False
MainMenu.Editor.ExportStatic,Export Static Image,Експорт статичного зображення,False
MainMenu.Editor.Player.Speed,Speed,швидкість,False
MainMenu.Settings.StaticImageSettings,Static Image Settings,Параметри статичного зображення,False
MainMenu.Settings.StaticImageSettings.ResetStaticImageSettings,Reset Static Image Settings,Скинути параметри статичного зображення,False
MainMenu.Settings.ExportSettings.SamplingRate,Sampling Rate,Частота дискретизації,False
MainMenu.Editor.Texture.Step1Instr,This toggle allows you to switch between the internal and the custom texture,Цей перемикач дозволяє перемикатися між внутрішньою та спеціальною текстурою,False
MainMenu.Editor.Texture.Step2Instr,Edit the PNGs in the Custom Texture folder. Save with transparency and do not modify image size,Відредагуйте файли PNG у папці Custom Texture. Зберігайте з прозорістю та не змінюйте розмір зображення,False
MainMenu.Editor.Texture.Step3Instr,"After saving your edits, click this button to apply the chages to your model.","Після збереження змін натисніть цю кнопку, щоб застосувати зміни до моделі.",False
MainMenu.Editor.Texture.Step4Instr,Save your character. The save button is located below the character list on the left side of the interface.,Збережіть свого персонажа. Кнопка збереження розташована під списком символів у лівій частині інтерфейсу.,False
MainMenu.Editor.Texture.Recommend,Please read the Using Custom Textures manual before using this feature.,"Перш ніж використовувати цю функцію, прочитайте посібник «Використання власних текстур».",False
MainMenu.Editor.Texture.CustomTexture,Custom Texture,Спеціальна текстура,False
MainMenu.Editor.Texture.Step1,Step 1,Крок 1,False
MainMenu.Editor.Texture.Step2,Step 2,Крок 2,False
MainMenu.Editor.Texture.Step3,Step 3,Крок 3,False
MainMenu.Editor.Texture.Step4,Step 4,Крок 4,False
MainMenu.Editor.Texture.AlphaBleed,Fix Selected Outline,Виправити вибраний контур,False
MainMenu.Editor.Texture.ResetAtlas,Reset Selected Atlas,Скинути вибраний атлас,False
MainMenu.Editor.Texture.TextureUtility,Texture Utility,Утиліта текстур,False
MainMenu.Editor.Texture.SelectAll,Select All,Виберіть усі,False
MainMenu.Editor.Texture.ToggleSelection,Toggle Selection,Перемкнути вибір,False
MainMenu.Editor.Texture.AtlasList,Atlas List,Список атласу,False
MainMenu.Editor.Texture.ResetWarning,This will reset the selected atlas pages to the built-in versions. Any unsaved edits will be lost and cannot be recovered. Continue?,Це скине вибрані сторінки атласу до вбудованих версій. Будь-які незбережені зміни буде втрачено та не можна буде відновити. Продовжити?,False
MainMenu.Settings.ExportSettings.PaletteAlgorithm,Palette Algorithm,Алгоритм палітри,False
MainMenu.Editor.Texture.AlphaBleedWarning,This will overwrite the selected texture files and cannot be undone. Continue?,"Це перезапише вибрані файли текстури, і цю дію неможливо скасувати. Продовжити?",False
MainMenu.TranslationInfo.Message,"Some languages are translated by our community or assisted by machine translation, so quality may vary.

You can change the language in Settings.

See our {0}.

Want to contribute? Join us on {1}.","Деякі мови перекладаються нашою спільнотою або за допомогою машинного перекладу, тому якість може відрізнятися.

Ви можете змінити мову в налаштуваннях.

Дивіться {0}.

Хочете зробити внесок? Приєднуйтесь до нас на {1}.",False
MainMenu.TranslationInfo.ContributorsLinkLabel,community contributors on GitHub,учасників спільноти на GitHub,False
MainMenu.TranslationInfo.DontShowAgain,Don't show this again,Не показувати це знову,False
MainMenu.Editor.AssetTypeWS,Workshop,Майстерня,False
MainMenu.Editor.WorkshopPublishPopup.Title.Model,Publish Model to Workshop,Опублікувати модель у Workshop,False
MainMenu.Editor.WorkshopPublishPopup.Title.Character,Publish Character to Workshop,Опублікувати персонажа в майстерні,False
MainMenu.Editor.WorkshopPublishPopup.UploadMode,Upload mode,Режим завантаження,False
MainMenu.Editor.WorkshopPublishPopup.UploadMode.CreateNew,Create new item,Створити новий елемент,False
MainMenu.Editor.WorkshopPublishPopup.UploadMode.UpdateExisting,Update existing item,Оновити наявний елемент,False
MainMenu.Editor.WorkshopPublishPopup.ItemtoUpdate,Item to update,Елемент для оновлення,False
MainMenu.Editor.WorkshopPublishPopup.Field.Title,Title,Назва,False
MainMenu.Editor.WorkshopPublishPopup.Field.Description,Description,опис,False
MainMenu.Editor.WorkshopPublishPopup.Field.Visibility,Visibility,Видимість,False
MainMenu.Editor.WorkshopPublishPopup.Visibility.Public,Public,Громадський,False
MainMenu.Editor.WorkshopPublishPopup.Visibility.FriendsOnly,Friends Only,Тільки друзі,False
MainMenu.Editor.WorkshopPublishPopup.Visibility.Private,Private,Приватний,False
MainMenu.Editor.WorkshopPublishPopup.Visibility.Unlisted,Unlisted,Не в списку,False
MainMenu.Editor.WorkshopPublishPopup.Field.ChangeNote,Change note,Змінити примітку,False
MainMenu.Editor.WorkshopPublishPopup.Field.RequiredItems,Required Items (PublishedFileIds),Необхідні елементи (PublishedFileIds),False
MainMenu.Editor.WorkshopPublishPopup.Field.PreviewImagePath,Preview image (PNG/JPG path),Попередній перегляд зображення (шлях PNG/JPG),False
MainMenu.Editor.WorkshopPublishPopup.Button.Publish,Publish,Опублікувати,False
MainMenu.Editor.WorkshopPublishPopup.Button.Cancel,Cancel,Скасувати,False
MainMenu.Editor.WorkshopPublishPopup.Picker.Loading,(loading...),(завантаження...),False
MainMenu.Editor.WorkshopPublishPopup.Picker.NoPublishedItems,(no published items),(немає опублікованих елементів),False
MainMenu.Editor.WorkshopPublishPopup.Picker.SteamNotReady,(Steam not ready),(Steam не готовий),False
MainMenu.Editor.WorkshopPublishPopup.Status.WaitingForSteamMetadata,Waiting for Steam metadata...,Очікування метаданих Steam...,False
MainMenu.Editor.WorkshopPublishPopup.Status.SelectItemToUpdate,Select a published Workshop item to update.,Виберіть опублікований елемент Workshop для оновлення.,False
MainMenu.Editor.WorkshopPublishPopup.Status.TitleRequired,Title is required.,Необхідно вказати назву.,False
MainMenu.Editor.WorkshopPublishPopup.Status.FixPreviewBeforePublishing,Fix the preview image before publishing.,Виправте зображення попереднього перегляду перед публікацією.,False
MainMenu.Editor.WorkshopPublishPopup.Status.CreatingItem,Creating Workshop item...,Створення елемента майстерні...,False
MainMenu.Editor.WorkshopPublishPopup.Status.UploadingItem,Uploading Workshop item...,Завантаження предмета майстерні...,False
MainMenu.Editor.WorkshopPublishPopup.Status.PreviewNotFound,Preview image file not found.,Файл попереднього перегляду зображення не знайдено.,False
MainMenu.Editor.WorkshopPublishPopup.Status.PreviewInvalidFormat,"Preview image must be a PNG, JPG, or GIF.","Зображення попереднього перегляду має бути у форматі PNG, JPG або GIF.",False
MainMenu.Editor.WorkshopPublishPopup.Status.PreviewTooLarge,Preview image must be 1 MB or smaller (currently {0} KB).,Розмір попереднього зображення має бути 1 МБ або менше (наразі {0} КБ).,False
MainMenu.Editor.WorkshopPublishPopup.Status.PreviewReadFailed,Failed to read preview image: {0},Не вдалося прочитати зображення попереднього перегляду: {0},False
MainMenu.Editor.WorkshopPublishPopup.Status.PreviewDecodeFailed,Preview image could not be decoded.,Не вдалося декодувати зображення попереднього перегляду.,False
MainMenu.Editor.WorkshopPublishPopup.Status.RequiredIdInvalid,Required PublishedFileId is invalid: {0},Необхідний PublishedFileId недійсний: {0},False
MainMenu.Editor.WorkshopPublishPopup.Status.SteamNotInitialized,Steam is not initialized.,Steam не ініціалізовано.,False
MainMenu.Editor.WorkshopPublishPopup.Status.UploadSucceeded,Workshop item uploaded: {0},Завантажено предмет майстерні: {0},False
MainMenu.Editor.WorkshopPublishPopup.Status.TempFolderModified,Publish staging files were modified. Close this dialog and publish again.,Постановчі файли публікації змінено. Закрийте це діалогове вікно та опублікуйте знову.,False
MainMenu.Editor.WorkshopPublishPopup.Status.ValidatingRequiredItems,Verifying required Workshop items...,Перевірка необхідних предметів майстерні...,False
MainMenu.Editor.WorkshopPublishPopup.Status.RequiredIdsQueryFailed,Failed to verify required Workshop items.,Не вдалося перевірити необхідні елементи майстерні.,False
MainMenu.Editor.WorkshopPublishPopup.Status.RequiredIdNotFound,Workshop item {0} was not found or is not accessible.,Елемент майстерні {0} не знайдено або недоступний.,False
MainMenu.Editor.WorkshopPublishPopup.Status.RequiredIdWrongApp,Workshop item {0} does not belong to this app.,Елемент майстерні {0} не належить до цієї програми.,False
MainMenu.Editor.WorkshopPublishPopup.Status.ViewportCaptureFailed,Viewport capture failed: {0},Помилка захоплення області перегляду: {0},False
MainMenu.Editor.WorkshopPublishPopup.Status.ViewportCaptureSucceeded,Preview captured from viewport.,Попередній перегляд зроблено з вікна перегляду.,False
MainMenu.Editor.FileNameValidation.Label.Character,Character name,Ім'я персонажа,False
MainMenu.Editor.FileNameValidation.Label.Scene,Scene name,Назва сцени,False
MainMenu.Editor.FileNameValidation.Label.SceneList,Scene list name,Назва списку сцен,False
MainMenu.Editor.FileNameValidation.Empty,{0} cannot be empty.,{0} не може бути порожнім.,False
MainMenu.Editor.FileNameValidation.TooLong,{0} cannot exceed {1} characters.,{0} не може перевищувати {1} символів.,False
MainMenu.Editor.FileNameValidation.InvalidCharacter,{0} cannot contain '{1}'.,"{0} не може містити ""{1}"".",False
MainMenu.Editor.FileNameValidation.WindowsReserved,'{1}' is a reserved name and cannot be used.,"""{1}"" є зарезервованою назвою, і її не можна використовувати.",False
MainMenu.Editor.FileNameValidation.AppReserved,'{1}' is reserved and cannot be used as {0}.,'{1}' зарезервовано і не може використовуватися як {0}.,False
MainMenu.Editor.FileNameValidation.EndsWithDot,{0} cannot end with a dot.,{0} не може закінчуватися крапкою.,False
MainMenu.Editor.FileNameValidation.DuplicateInList,A {0} with this name already exists in the list.,{0} із такою назвою вже існує в списку.,False
MainMenu.Editor.Confirmation.Label.Character,Character,персонаж,False
MainMenu.Editor.Confirmation.Label.Scene,Scene,Сцена,False
MainMenu.Editor.Confirmation.Label.SceneList,Scene list,Список сцен,False
MainMenu.Editor.DeleteConfirmation,"Are you sure you want to delete {0} ""{1}""? This action cannot be undone.","Ви впевнені, що бажаєте видалити {0} ""{1}""? Цю дію не можна скасувати.",False
MainMenu.Editor.OverwriteExistingConfirmation,"{0} ""{1}"" already exist. Are you sure you want to overwrite {0} ""{1}""? This action cannot be undone.","{0} ""{1}"" уже існує. Ви впевнені, що бажаєте перезаписати {0} ""{1}""? Цю дію не можна скасувати.",False
MainMenu.Editor.OverwriteSelectedConfirmation,"A {0} ""{1}"" is selected. Overwrite it or Create a new entry?","Вибрано {0} ""{1}"". Перезаписати чи створити новий запис?",False
MainMenu.Editor.OverwriteConfirmation.Overwrite,Overwrite,Перезаписати,False
MainMenu.Editor.OverwriteConfirmation.CreateNew,Create New,Створити новий,False
MainMenu.Editor.UnsavedChangeConfirmation,"{0} ""{1}"" has unsaved changes. Apply before continuing?","{0} ""{1}"" має незбережені зміни. Застосувати, перш ніж продовжити?",False
MainMenu.Editor.UnsavedChangeConfirmation.Apply,Apply,Застосувати,False
MainMenu.Editor.UnsavedChangeConfirmation.Discard,Discard,Відкинути,False
MainMenu.Editor.UnsavedNewConfirmation,This {0} has not been saved. Save before continuing?,Цей {0} не збережено. Зберегти перед продовженням?,False
MainMenu.Editor.UnsavedNewConfirmation.Save,Save,зберегти,False
MainMenu.Editor.Layers,Layers,Шари,False
MainMenu.Editor.LayerProperties,Properties,Властивості,False
MainMenu.Editor.ModelProperties,Model Properties,Властивості моделі,False
MainMenu.Editor.TextProperty.Text,Text,текст,False
MainMenu.Editor.TextProperty.Font,Font,Шрифт,False
MainMenu.Editor.TextProperty.Size,Size,Розмір,False
MainMenu.Editor.TextProperty.PositionX,Position X,Позиція X,False
MainMenu.Editor.TextProperty.PositionY,Position Y,Позиція Y,False
MainMenu.Editor.TextProperty.Rotation,Rotation,Обертання,False
MainMenu.Editor.TextProperty.CharacterSpacing,Character Spacing,Інтервал між символами,False
MainMenu.Editor.TextProperty.LineSpacing,Line Spacing,Міжрядковий інтервал,False
MainMenu.Editor.TextProperty.Outline,Outline,Контур,False
MainMenu.Editor.TextProperty.OutlineThickness,Thickness,Товщина,False
MainMenu.Editor.TextProperty.Underlay,Underlay,Підкладка,False
MainMenu.Editor.TextProperty.UnderlayDilate,Dilate,Розширити,False
MainMenu.Editor.TextProperty.UnderlayOffsetX,Offset X,Зсув X,False
MainMenu.Editor.TextProperty.UnderlayOffsetY,Offset Y,Зсув Y,False
MainMenu.Editor.LayerType.Model,Model,Модель,False
MainMenu.Editor.LayerType.Image,Image,Зображення,False
MainMenu.Editor.LayerType.Text,Text,текст,False
MainMenu.Editor.Playback,Playback,Відтворення,False
MainMenu.Editor.SceneList,Scene List,Список сцен,False
MainMenu.Editor.Scenes,Scenes,Сцени,False
MainMenu.Editor.ExportAllScenes,Export All Scenes,Експортувати всі сцени,False
MainMenu.Editor.SceneListExport.Title,Exporting scene list,Експорт списку сцен,False
MainMenu.Editor.SceneListExport.Preparing,Preparing export...,Підготовка експорту...,False
MainMenu.Editor.SceneListExport.Progress,Exporting {0}/{1}: {2},Експорт {0}/{1}: {2},False
MainMenu.Editor.SceneListExport.Failed,Export failed,Помилка експорту,False
MainMenu.Editor.SceneListExport.Finished,Export finished,Експорт завершено,False
MainMenu.Editor.SceneListExport.Cancelled,Export cancelled,Експорт скасовано,False
MainMenu.Editor.SceneListExport.Complete,Export complete,Експорт завершено,False
MainMenu.Editor.SceneListExport.CompleteExclamation,Export complete!,Експорт завершено!,False
MainMenu.Editor.SceneListExport.CancelledSummary,"Export cancelled ({0}/{1} exported, {2} failed).","Експорт скасовано ({0}/{1} експортовано, {2} не вдалося).",False
MainMenu.Editor.SceneListExport.CancelledWithFailures,"Export complete ({0}/{1} exported, {2} failed).","Експорт завершено ({0}/{1} експортовано, {2} не вдалося).",False
MainMenu.Editor.SceneListExport.CompleteWithFailures,"Export complete ({0}/{1} exported, {2} failed).","Експорт завершено ({0}/{1} експортовано, {2} не вдалося).",False
MainMenu.Editor.SceneListExport.ErrorMessage,Error: {0},Помилка: {0},False
MainMenu.Editor.OpenExportLocation,Open Export Location,Відкрийте розташування експорту,False
